{
  "project_info": {
    "project_number": "680039560711",
    "firebase_url": "https://mangr-2bb3d.firebaseio.com",
    "project_id": "mangr-2bb3d",
    "storage_bucket": "mangr-2bb3d.appspot.com"
  },
  "client": [
    {
      "client_info": {
        "mobilesdk_app_id": "1:680039560711:android:9010cef03b014731d79ca2",
        "android_client_info": {
          "package_name": "com.distivity.mangr"
        }
      },
      "oauth_client": [
        {
          "client_id": "680039560711-ke9gj5f68i6euenaf6ub8q20ibuneets.apps.googleusercontent.com",
          "client_type": 1,
          "android_info": {
            "package_name": "com.distivity.mangr",
            "certificate_hash": "19f4ae18f8de8573736648f4492abc8a6d0bc470"
          }
        },
        {
          "client_id": "680039560711-9f4dppajfao7a6rgnqt07vsdth2p0jug.apps.googleusercontent.com",
          "client_type": 3
        }
      ],
      "api_key": [
        {
          "current_key": "AIzaSyCvHuf378bz8WP7vxcfhxxsGjJDKYgcHgo"
        }
      ],
      "services": {
        "appinvite_service": {
          "other_platform_oauth_client": [
            {
              "client_id": "680039560711-9f4dppajfao7a6rgnqt07vsdth2p0jug.apps.googleusercontent.com",
              "client_type": 3
            }
          ]
        }
      }
    }
  ],
  "configuration_version": "1"
}